{
    "version": 1,
    "size": {
        "x": 32,
        "y": 32
    },
    "license": "CC-BY-NC-SA-3.0",
    "copyright": "A custom item by AftrLite (Github).",
    "states": [
        {
            "name": "full"
        },
        {
            "name": "solid0",
            "directions": 4
        },
        {
            "name": "solid1",
            "directions": 4
        },
        {
            "name": "solid2",
            "directions": 4
        },
        {
            "name": "solid3",
            "directions": 4
        },
        {
            "name": "solid4",
            "directions": 4
        },
        {
            "name": "solid5",
            "directions": 4
        },
        {
            "name": "solid6",
            "directions": 4
        },
        {
            "name": "solid7",
            "directions": 4
        }
    ]
}
