{
  "version": 1,
  "license": "CC-BY-SA-3.0",
  "copyright": "Resources/Textures/_Impstation/Mobs/Species/Colonids/parts.rsi/meta.json",
  "size": {
    "x": 32,
    "y": 32
  },
  "states": [
    {
      "name": "full",
      "directions": 4
    },
    {
      "name": "head",
      "directions": 4
    },
    {
      "name": "l_arm",
      "directions": 4
    },
    {
      "name": "l_foot",
      "directions": 4
    },
    {
      "name": "l_hand",
      "directions": 4
    },
    {
      "name": "l_leg",
      "directions": 4
    },
    {
      "name": "r_arm",
      "directions": 4
    },
    {
      "name": "r_foot",
      "directions": 4
    },
    {
      "name": "r_hand",
      "directions": 4
    },
    {
      "name": "r_leg",
      "directions": 4
    },
    {
      "name": "torso",
      "directions": 4
    }
  ]
}
