{
    "version": 1,
    "size": {
        "x": 32,
        "y": 32
    },
    "license": "CC-BY-NC-SA-3.0",
    "copyright": "A custom item by AftrLite (Github).",
    "states": [
        {
            "name": "full"
        },
        {
            "name": "tallmetal0",
            "directions": 4
        },
        {
            "name": "tallmetal1",
            "directions": 4
        },
        {
            "name": "tallmetal2",
            "directions": 4
        },
        {
            "name": "tallmetal3",
            "directions": 4
        },
        {
            "name": "tallmetal4",
            "directions": 4
        },
        {
            "name": "tallmetal5",
            "directions": 4
        },
        {
            "name": "tallmetal6",
            "directions": 4
        },
        {
            "name": "tallmetal7",
            "directions": 4
        }
    ]
}
