{
    "version": 1,
    "size": {
        "x": 32,
        "y": 32
    },
    "license": "CC-BY-NC-SA-3.0",
    "copyright": "A custom item by AftrLite (Github).",
    "states": [
        {
            "name": "full"
        },
        {
            "name": "window0",
            "directions": 4
        },
        {
            "name": "window1",
            "directions": 4
        },
        {
            "name": "window2",
            "directions": 4
        },
        {
            "name": "window3",
            "directions": 4
        },
        {
            "name": "window4",
            "directions": 4
        },
        {
            "name": "window5",
            "directions": 4
        },
        {
            "name": "window6",
            "directions": 4
        },
        {
            "name": "window7",
            "directions": 4
        }
    ]
}
